date,AAPL_Close,MSFT_Close,AAPL_High,MSFT_High,AAPL_Low,MSFT_Low,AAPL_Open,MSFT_Open,AAPL_Volume,MSFT_Volume,AAPL_simple_return,MSFT_simple_return,AAPL_log_return,MSFT_log_return,AAPL_logret_sma20,MSFT_logret_sma20,AAPL_logret_std20,MSFT_logret_std20
2024-08-19,224.8435821533203,419.07672119140625,224.94312498661264,419.2954420190991,222.0067784736323,414.03622098500824,224.6743714872065,416.52167114516885,40687800,15234000,,,,,,,,
2024-08-20,225.46067810058594,422.32769775390625,226.117624269924,423.3815262412174,224.405591022129,419.18611531171354,224.7241158999058,419.24576369099765,30299000,16387600,0.002744556644026508,0.007757473508090973,0.0027407972254938073,0.007727539021468388,,,,
2024-08-21,225.3511962890625,421.67156982421875,226.92387876417723,423.9183962597862,224.00745927475182,419.2656405890008,225.47065071716546,421.6118911043651,34765500,16067300,-0.00048559160047678684,-0.0015535990965712676,-0.0004857095382595489,-0.001554807183064888,,,,
2024-08-22,223.4898681640625,413.1315002441406,227.28221598709214,424.30610443723026,222.86278176595104,412.1969685866766,226.7347608131935,421.8902239006129,43695300,19361900,-0.008259677142394395,-0.020252893937426686,-0.008293977278252207,-0.02046079565764014,,,,
2024-08-23,225.78916931152344,414.36431884765625,227.16278137803022,416.8199448280934,223.29080225181497,409.69166039420327,224.61464290366072,414.5532154876874,38677300,18493800,0.010288167272858306,0.0029840827987870355,0.010235604290374845,0.002979639261439182,,,,
2024-08-26,226.12757873535156,411.0835266113281,226.2271215594374,414.8514777475828,222.8528263811224,408.94604542911463,225.70952621277567,413.94677020088477,30602200,13152800,0.0014987850163938887,-0.007917651417120086,0.0014976629591396673,-0.007949162458271708,,,,
2024-08-27,226.97364807128906,411.4314880371094,227.78985670532606,411.9484507655821,223.84819475275475,407.86238512676584,224.95305327681544,410.4571806188663,35934600,13492900,0.003741557490109182,0.0008464494518902743,0.0037345752747039995,0.0008460914155783428,,,,
2024-08-28,225.4407958984375,408.2103271484375,228.79517959293358,412.5847132206145,224.63453544627717,404.9394663484376,226.86416416696267,412.46541647118636,38052200,14882700,-0.006753436735396301,-0.007829154992583742,-0.006776344384426203,-0.007859963736171593,,,,
2024-08-29,228.72549438476562,410.7156677246094,231.84099956412553,419.593688512659,227.819721489883,408.21034485802835,229.03407107214645,412.5250827426797,51906300,17045200,0.014570115729221955,0.006137376762790359,0.014464991477778355,0.006118619772712108,,,,
2024-08-30,227.9391632080078,414.7122802734375,229.33267166766268,415.0602190186727,226.42620031745173,409.7314285183125,229.123652992766,413.18123450252676,52990800,24308300,-0.0034378816356825936,0.009730849984296075,-0.003443804729914568,0.009683810175624252,,,,
2024-09-03,221.73805236816406,407.0570983886719,227.93918848340573,417.43634095322227,220.1454580764442,404.66112073149435,227.49127608514226,415.47780496274754,50190600,20313600,-0.027205113647736257,-0.018459019057063486,-0.027582024412068584,-0.01863151275679442,,,,
2024-09-04,219.82691955566406,406.5202331542969,220.75260404502964,408.8466109265116,216.47252073588626,402.01659855552833,220.6331648046219,403.5476443909062,43840200,15135800,-0.008618876156298305,-0.001318894171112972,-0.008656233476358466,-0.0013197646775182648,,,,
2024-09-05,221.34983825683594,406.01324462890625,224.43546851590304,410.6958246241515,220.49382156548631,403.7663877888233,220.60331260233696,405.2477064984513,36615400,14195500,0.006927808042118455,-0.0012471421691775397,0.006903921039572936,-0.0012479204981641345,,,,
2024-09-06,219.7970733642578,399.3621520996094,224.19659618640478,408.2600456523483,218.75193438162455,398.4673657515399,222.9125635200513,406.6793029587105,48423000,19609500,-0.0070149809225359405,-0.01638146690356357,-0.007039701579000912,-0.016517126710619223,,,,
2024-09-09,219.8866424560547,403.3587646484375,220.24497537072617,406.2717051556254,215.7061019102892,399.80953429314275,219.79706302441255,404.8699075277366,67180000,15295100,0.0004075081184016227,0.01000748951250463,0.0004074251095191883,0.009957746184590555,,,,
2024-09-10,219.09034729003906,411.7893981933594,220.45399594379384,413.9069762623546,215.72600018375593,405.327227721672,217.905857501112,405.8243177579556,51591000,19594300,-0.0036213894446761596,0.02090107934624874,-0.0036279625494115564,0.020685648442002602,,,,
2024-09-11,221.62852478027344,420.57794189453125,222.05652550259597,421.52239474938517,216.88061769002928,407.19625641616165,220.4340868524661,413.08181573237965,44587100,19266900,0.011585072193410095,0.021342326295261005,0.01151847907510728,0.021117768290851657,,,,
2024-09-12,221.73805236816406,424.514892578125,222.5144379086487,424.8827343519594,218.80172088165384,417.30708702498356,221.4692988539641,420.84636566939764,37455600,17395700,0.0004941944544332166,0.009360811139688785,0.0004940723805715308,0.009317270254851628,,,,
2024-09-13,221.4692840576172,428.083984375,223.00214343080088,429.3167579290349,220.8820208371711,422.98383586069434,222.54428285449177,423.35167762504557,36766600,15874600,-0.0012120982739607378,0.008407459571558196,-0.0012128334592116374,0.008372313737386783,,,,
2024-09-16,215.3179168701172,428.8296203613281,216.21374159471785,431.0068771042965,212.92902562434276,425.72778345078893,215.5368837592455,428.09393683099876,59357400,13834700,-0.02777526108721995,0.0017417983702818773,-0.028168288374044614,0.0017402831986617073,,,,
2024-09-17,215.7857208251953,432.6174621582031,215.8952118613641,439.27848092894993,213.50633585708556,429.75421863095636,214.75054527350213,437.6679140298658,45519300,18874200,0.0021726197330820263,0.0088329761215733,0.0021702630077244933,0.008794193597414512,-0.0020559543970481097,0.0015899934837168672,0.010903336649308704,0.011538323315896557
2024-09-18,219.66766357421875,428.302734375,221.67831024616868,433.4923558065776,216.5322467283196,427.9050683956392,216.54221012404864,432.46835149823806,59894900,18898000,0.01798980365419145,-0.009973540507769107,0.01782990202138368,-0.010023609450826143,-0.0013014991572536162,0.0007024360601021407,0.011742470503227227,0.011722619471481663
2024-09-19,227.8097686767578,436.1368713378906,228.75538000957175,438.9305149970845,223.58941994126667,434.3572804602649,223.94775287051627,438.6620972919553,66781300,21706600,0.03706556062944655,0.018291120588624254,0.036395148685302914,0.018125850319130166,0.0005425437539245071,0.0016864689352118934,0.014458995592913604,0.012333288590313107
2024-09-20,227.1428680419922,432.73675537109375,232.01021467188832,436.6836515284863,226.56555305015522,431.6928784161533,228.90467282845125,434.6754186759471,318679900,55167100,-0.002927445291917685,-0.0077959837616267125,-0.0029317386409637436,-0.007826531312079332,0.0008106556857889302,0.0023181821524899337,0.014335706932083539,0.011429658452714594
2024-09-23,225.42088317871094,430.9870300292969,228.38707413181643,433.9198431554934,224.7639369712135,427.88519293448667,226.2868480598011,431.75253779309,54146000,15128900,-0.007581065072062465,-0.0040433943271039885,-0.0076099474110638,-0.004051590948187744,-8.162189928300201e-05,0.0019666206420085874,0.01427344071334179,0.011516051334647726
2024-09-24,226.3167266845703,426.6722717285156,228.2875654709032,430.82793711748263,224.68432442569429,423.62013164821116,227.59079599939528,430.47996802683457,43556100,17015800,0.003974092786909855,-0.010011341409712382,0.003966216939507383,-0.010061791888527516,4.180579973538379e-05,0.0018609891704957971,0.014298467449734925,0.011621002135109259
2024-09-25,225.3213348388672,429.59515380859375,226.23707111110926,430.599285430914,222.9822303399746,426.0757780554542,223.88800321688734,427.3284243659067,42308700,13396400,-0.004398224825381325,0.006850414882216382,-0.004407925470383489,0.0068270574018001184,-0.00036531923751899066,0.0021600374698068857,0.014303709130434224,0.011670361335628866
2024-09-26,226.46603393554688,428.7998046875,227.4414899021518,432.766573468399,224.36580775387156,426.6324994108163,226.24705185494724,432.5578041483432,36636700,14492000,0.005080296091350078,-0.0018513922097177504,0.0050674349277839426,-0.0018531081545267725,0.00022686972809151661,0.002460380248889127,0.014269447711511774,0.011474571745968156
2024-09-27,226.73475646972656,425.5289611816406,228.45675318264773,429.33668800604624,226.24703611440785,424.98217425530135,227.40166606122023,429.0085915782672,34026000,14896100,0.0011865908962584992,-0.00762790344142783,0.0011858874536914144,-0.007657144691412654,-0.0004370854731128304,0.0017715920256828888,0.013875583431441126,0.011655455349070754
2024-09-30,231.920654296875,427.7956848144531,231.920654296875,427.9150119120048,228.58616671135624,422.8943842039572,228.9743594736852,425.7178520466358,54541900,16807300,0.02287209031333859,0.005326837511877125,0.02261444524529388,0.005312700095860379,0.0008658270256475919,0.001553036521694695,0.014772815688352587,0.011539689106081726
2024-10-01,225.16209411621094,418.2416076660156,228.5861456381701,425.9862787507864,222.70353511874544,416.3725443176016,228.45675818805825,425.95645456288486,63285000,19092900,-0.02914169158910973,-0.022333271436764,-0.029574744705407774,-0.02258643536229421,0.0007661910109806325,0.0013552903914197056,0.014980048473432695,0.011931030024040947
2024-10-02,225.7294464111328,414.7023620605469,226.31670960653594,420.3592494217051,221.98686997976517,414.2847930567838,224.84356992020335,420.12062555956777,32880600,16582300,0.0025197504808649462,-0.008462203522072831,0.0025165812323155734,-0.008498211246658727,0.0013248317464143345,0.0009963680629626825,0.014817619999146625,0.012122183105037829
2024-10-03,224.6245880126953,414.11578369140625,225.75930638603796,417.1082451347957,222.28548343692833,411.8788784861643,224.09704443839323,415.19943635003835,34044200,13686400,-0.004894613511899348,-0.001414456301203737,-0.004906631363811975,-0.0014154575888136733,0.0007343041262450889,0.0009879912084302055,0.014818917184841298,0.012123873381851873
2024-10-04,225.74935913085938,413.6385498046875,226.9437971307691,417.30707662196244,223.09172964492672,412.55489718933603,226.8442543024003,415.80585503539044,37245100,19169700,0.005007337478568852,-0.0011524165596025204,0.004994842458087234,-0.001153081102168052,0.0013360313280994963,0.0017561934888527641,0.014730707871931268,0.011422807637655668
2024-10-07,220.66302490234375,407.15655517578125,224.6444949275546,414.68247600169315,220.30469199255066,406.61968938897553,223.46000516495792,413.5789505765619,39505400,20919800,-0.02253089110905182,-0.01567067342240447,-0.0227885897795721,-0.015794756441941615,0.00017623058364493182,0.00046856835752615564,0.015689610394844365,0.011891485143595325
2024-10-08,224.72413635253906,412.2964172363281,224.93315503301397,413.24090045920747,222.2158058701156,405.79450128292336,223.26094483680066,408.50859351504334,31855700,19229300,0.018404132056073275,0.01262379788611745,0.018236825652743427,0.012544782041401525,0.001269469993752681,6.152503749610184e-05,0.01616514016283554,0.011287002035400303
2024-10-09,228.47665405273438,415.0303955078125,228.68568791487783,417.93341460570645,223.78848153487698,411.88878290651843,224.18662246797504,413.4397013585542,33591100,14974300,0.0166983296102583,0.006631098785215173,0.016560445345191965,0.006609209761899493,0.0015215683072569153,-0.0006639028889515064,0.01637138717405503,0.010284156864276296
2024-10-10,227.97897338867188,413.4198303222656,228.43684913724616,414.9210519137125,226.11764095959848,410.74548354781774,226.72481576308653,412.81339505205864,28183500,13848400,-0.0021782560941548956,-0.0038805957418522885,-0.002180631944727729,-0.00388814478970545,0.0013878330909919522,-0.0013241736411793604,0.016391135085961475,0.010030392065997361
2024-10-11,226.4958953857422,413.89703369140625,228.34727968813561,414.70231708134946,226.28686151162026,410.84489374484957,228.23778864704394,413.7180885691892,31759200,14144900,-0.00650532801725201,0.0011542827270007994,-0.0065265798805915765,0.0011536170548938074,0.0011221457699229554,-0.001685108475304009,0.016478342325045595,0.009790109496500714
2024-10-14,230.228515625,416.7006530761719,230.65651637799863,421.5721293976272,227.54102629778745,415.09005586184196,227.64055393917852,415.3386008817118,39882100,16653100,0.01647985820184883,0.006773712195424775,0.016345539036871415,0.006750873683302849,0.0033478371404687566,-0.001434578951071952,0.015276276203946573,0.009945260233492919
2024-10-15,232.76670837402344,416.3029479980469,236.3898456598821,420.02120204810905,231.29355345996072,412.84322081195853,232.52781469355565,419.7229298265709,64751400,18900200,0.011024667131840804,-0.0009544143384202508,0.010964338486329162,-0.0009548700817862965,0.0037875409143989904,-0.0019220321350319925,0.015366890762222042,0.009652122596516656
2024-10-16,230.70626831054688,413.6982116699219,231.04468960128423,413.93680518127485,228.77525301100687,408.09105177334885,230.52710945831018,412.7537587941709,34082200,15508900,-0.008851953433846371,-0.006256828928670521,-0.008891364723959683,-0.006276484915114011,0.002451477577131822,-0.0017346759082463858,0.015242859830040346,0.009522078495573572
2024-10-17,231.07456970214844,414.2947082519531,232.76670668063704,420.0410676802283,229.4521309302649,413.17127995027164,232.348638945834,419.9018679111856,32993800,14820000,0.001596408256691939,0.0014418640574331842,0.001595135351569077,0.00144082556957148,0.0007114769104451302,-0.00256892714572432,0.01298290213171698,0.008349136115740455
2024-10-18,233.91136169433594,415.7263488769531,235.0858880500012,417.2076674979936,232.92594240501305,413.8374127793913,235.0858880500012,414.7122961104646,46431500,17145300,0.012276521799192697,0.0034556092474378186,0.01220177642581266,0.0034496523490004094,0.0014681526637839505,-0.002005117962670333,0.013198608393467483,0.008356140778116724
2024-10-21,235.38450622558594,416.3427429199219,235.75280253487685,416.5216880571269,233.36391138062547,411.3420182082338,233.36391138062547,413.6982202013397,36254500,14206100,0.00629787506078916,0.0014826917866377354,0.006278126319016586,0.0014815936844678745,0.0021625563502879696,-0.001728458731037552,0.01306047073979658,0.008376392217954866
2024-10-22,234.76739501953125,425.0219421386719,235.12572795126604,428.07405197206367,231.52250221800776,415.6070554250592,232.80651969699693,416.0544182638452,38846600,25482200,-0.002621715489902532,0.020846284380701574,-0.0026251582044860555,0.0206319738625389,0.0018329875930882978,-0.00019377044348423134,0.013095677733670711,0.009504996266923516
2024-10-23,229.6909942626953,422.1288757324219,234.05070868615385,428.5711433507003,226.70489182210235,420.0709156477079,232.99562158724072,428.35242251551375,52287000,19654400,-0.02162310808284773,-0.006806863644950534,-0.021860313124850705,-0.006830136009288168,0.0009603682103649369,-0.0008766301140386457,0.014078039901846764,0.009464552994551617
2024-10-24,229.50189208984375,422.2580871582031,229.75073396519565,423.50081217243513,227.35189464165862,419.9416307412936,228.91461372105516,422.8545708930616,31109500,13581600,-0.000823289452242415,0.0003060947336450681,-0.0008236285411289401,0.00030604789620980455,0.0006658150369192928,-0.0007686723115018168,0.014049184951129962,0.009465142767340546
2024-10-25,230.3380126953125,425.6581726074219,232.13962556438537,430.00273447219473,228.5065400142299,424.08738151392146,228.6757506783198,424.2762781463,38802300,16899100,0.0036431970031054473,0.008052149982730628,0.003636576635567046,0.008019904404889644,0.0007883494960130744,1.5180143313298088e-05,0.014064638400340054,0.009513672045699483
2024-10-28,232.3187713623047,424.1072998046875,233.64261197661628,429.4261695906152,231.47271808946843,423.81897907057987,232.23915532682838,429.1478003666399,36087100,14882400,0.00859935641457632,-0.0036434700483589655,0.008562592562501692,-0.0036501236517416658,8.575686187346498e-05,-0.0004329610440668041,0.013243975163950088,0.009461955077420179
2024-10-29,232.5875244140625,429.43609619140625,233.2444706163013,430.64899709836675,231.24378738741356,423.32186444879665,232.0201728307493,425.5090727531412,35417200,17644100,0.0011568288269685478,0.012564736304168322,0.0011561602160963247,0.01248645504520507,0.00162230210794867,0.0013206834763081598,0.011255023834940557,0.00832141432025573
2024-10-30,229.03407287597656,430.0126953125,232.38845656475567,435.9479514176919,228.48661770128336,429.5852051730896,231.5324398883544,434.8941229931156,47070900,29749100,-0.015277911173601555,0.0013426889965877375,-0.015395820943417071,0.0013417883957780319,0.0007266819991620377,0.0018126834584299978,0.011875693305922704,0.007994805095173882
2024-10-31,224.8634796142578,403.985107421875,228.76531846185907,413.73801220344217,224.32597264925337,403.9353802107126,228.27758291037028,412.94264988457604,64370100,53971000,-0.018209488262373785,-0.060527487151769255,-0.018377321554784665,-0.06243671776978399,5.314748961340321e-05,-0.001238379550618518,0.012573500739468947,0.016456971352024886
2024-11-01,221.8773651123047,407.9816589355469,224.30606415529357,413.0818074048316,219.2495956140762,405.12836706972047,219.94634980146594,406.62958864176215,65276700,24230400,-0.013279677549576596,0.009892818918936896,-0.013368640948811183,0.009844205339814671,-0.0008650266807315177,-0.0006885152285193818,0.0128608518086677,0.016642645937343884
2024-11-04,220.98153686523438,406.082763671875,221.75792231303782,408.03137836159885,218.69220372782075,403.20959918238225,219.96627293386246,407.41496126180874,44944500,19672300,-0.00403749272313958,-0.004654364288400159,-0.004045665402389709,-0.004665229568955986,7.211953812760185e-05,-0.0001320388848701004,0.011820004583363929,0.016293360008631384
2024-11-05,222.4148712158203,409.0653381347656,222.91255498009295,412.4853201284023,220.11557465497725,405.7050045203228,220.7725208689619,405.99332524640585,28111300,17626000,0.006486217676457073,0.007344745282763743,0.006465272686972057,0.007317903989309649,-0.0005164581101609666,-0.00039338278747469424,0.011141494383035598,0.016120323678299478
2024-11-06,221.68824768066406,417.7345886230469,225.02273483375984,418.0030366685823,220.16533664224426,408.13080518207255,221.57875664968802,410.0197716507701,54561100,26681800,-0.0032669737018221623,0.021192825888917577,-0.003272321911890863,0.020971381183191085,-0.001508096473015108,0.00032472578358988535,0.010399474342671116,0.01675604386338615
2024-11-07,226.42620849609375,422.9540100097656,226.82436463330757,424.3657590257446,223.52970043689453,417.43632288625736,223.5894200604507,418.8281688837221,42137700,19901800,0.021372178566067213,0.012494587541633129,0.021146996331027346,0.01241717434637657,-0.00034171505922735433,0.0011399917403939863,0.011563154458119153,0.016935980035124414
2024-11-08,226.15716552734375,420.08087158203125,227.8511489598711,424.01781631688647,225.60910803907555,419.3252849907069,226.366414165256,422.84469107033385,38328800,16891400,-0.0011882147854568315,-0.006793027988239331,-0.0011889212723392717,-0.006816205626730465,-7.483212881473911e-05,0.0007415006063127727,0.011474147038502113,0.017029148327545145
2024-11-11,223.4368133544922,415.57720947265625,224.90161465065876,422.3376216288976,220.7164746065314,413.5788978774876,224.20409384410638,420.0609408352946,42005600,24503300,-0.012028591561573432,-0.01072094069033458,-0.012101520480508832,-0.010778824056139058,-0.0014971851046837515,-0.00013498428065932265,0.011088201027960399,0.017154233423908993
2024-11-12,223.4368133544922,420.5679931640625,224.79200315214243,421.969790701444,222.5698957238352,414.77193671429194,223.75568869738083,415.81581365023004,40398300,19401200,0.0,0.012009281494861801,0.0,0.011937742260826667,-0.0020454020290002093,0.0005096463364713255,0.010704049887281852,0.01736277673591734
2024-11-13,224.3236541748047,422.7253723144531,225.84824072641777,426.8313104637277,221.97200184604,415.7760330857976,223.2175800878685,419.1860937392156,48566200,21502200,0.003969089994608321,0.005129679826940681,0.003961233937652686,0.005116567840456554,-0.0014027720959195911,0.0010792989742498538,0.010657120183723579,0.017315244833855017
2024-11-14,227.4127197265625,424.4055480957031,228.06041440281584,425.6780973820496,224.204108600429,417.5556327945319,224.2240421118748,422.526533184943,44923900,30246900,0.013770574320934648,0.003974627243335194,0.01367662150263449,0.003966749280218451,-0.0007986977883663205,0.0012055951597822023,0.01116623799545503,0.017327228379104477
2024-11-15,224.2041015625,412.5847473144531,226.11730807125568,420.3393400677491,223.47668806811174,411.23267692258383,225.59914322363005,417.3767027455775,47923700,28247600,-0.014109229105216725,-0.027852606626585397,-0.014209710541636333,-0.02824784674471026,-0.00211927213673877,-0.0003792797949033311,0.011109448680088731,0.018519771650354584
2024-11-18,227.2134246826172,413.34033203125,228.9273417095955,415.9649517435253,224.37349996104592,409.7016291897124,224.4532188000698,412.4554971706168,44633700,24727000,0.013422248295838157,0.0018313442794843926,0.013332967929438055,0.0018296694130759406,-0.0017665300562176966,-0.0003618760084729278,0.011495408768322318,0.018521775870162058
2024-11-19,227.47247314453125,415.3585205078125,229.3458276324582,415.5076414577029,225.8582086546099,409.15481593264525,226.17706876893948,410.7057344914447,36211800,18133500,0.0011401107231050478,0.004882631381855962,0.001139461290444288,0.0048707499965043866,-0.0015782990814711794,-0.0011499372017746534,0.011511419862303342,0.017906607542467978
2024-11-20,228.18995666503906,413.0718688964844,229.1166596710885,414.86141123218795,225.09095708205055,408.19044109637775,227.25327930098,414.4438422518667,35169600,19191700,0.0031541553603804395,-0.005505247872446439,0.003149191447590738,-0.00552045759740416,-0.0003278238528491073,-0.001084453281180453,0.010506785438535433,0.017887126077710133
2024-11-21,227.71165466308594,411.2887268066406,229.3458528412815,418.1722655525636,224.91159698015457,408.7186214344056,228.07038183414417,417.8933391524707,42108300,20780200,-0.0020960694718709094,-0.00431678413397496,-0.0020982693000188846,-0.004326128347602598,-0.00039155589079360454,-0.0013160620933710732,0.010513814681837107,0.01789815988476603
2024-11-22,229.05685424804688,415.4029235839844,229.9038535446,415.80138553605957,227.2532593649619,409.4856708735379,227.2532593649619,409.7944811664486,38168300,24814600,0.005907469193666248,0.010003183917262959,0.0058900885144890225,0.009953483241528893,-0.0002788802968475057,-0.0012193831515391108,0.010571174742047926,0.017956370901650472
2024-11-25,232.04624938964844,417.1860656738281,232.42491005721112,419.46727321033643,228.92733167542056,413.2611532266888,230.64124862727573,416.7776323033626,90152800,27691100,0.01305088708833968,0.004292560279690161,0.012966458050604146,0.0042833735232346015,-5.8687022442383e-05,-0.0008227082927902973,0.010808239101832717,0.017987449829440776
2024-11-26,234.228515625,426.350830078125,234.73672132395913,427.396826920373,232.50463944229026,417.24585120009374,232.50463944229026,417.98300734363517,45986200,23458900,0.009404445196126154,0.021968050130088068,0.009360498714729992,0.021730229189210526,0.00035152990248930036,-0.0003605195855900245,0.011010574498118392,0.01845998156504562
2024-11-27,234.0989532470703,421.3699951171875,234.85627456038557,425.5937771564677,232.98291999142185,420.4037088714897,233.6405889619916,423.48187093647766,33498400,18332400,-0.0005531451949134514,-0.011682479801962131,-0.0005532982361549088,-0.011751256146043332,0.0010936560378524084,-0.0010151718126810926,0.010375190286331902,0.018627833029907538
2024-11-29,236.49049377441406,421.8381652832031,236.96879161176938,423.2527401453399,233.14237850329877,416.1998390930093,233.97940351987407,418.48107704362025,28481400,16271900,0.01021593857713543,0.0011110666906537503,0.010164108572503494,0.0011104499128702372,0.0025207275442168165,0.0021621865714516186,0.009480368567005801,0.011749416420776499
2024-12-02,238.7424774169922,429.32940673828125,239.93822952974793,431.3416594246016,236.32108052902282,419.69642835819553,236.4306920263062,419.9554423160969,48137100,20207200,0.009522512328661525,0.017758567317039287,0.009477458996260957,0.017602726264846602,0.0036630325414704233,0.002550112617703215,0.008818333899244647,0.012138052518002722
2024-12-03,241.79165649414062,429.5485534667969,241.90126799408412,430.8136785324232,238.05492154808562,426.10178307894205,238.96170621081686,428.19374634076934,38861000,18302000,0.012771833107112718,0.0005104395950432661,0.012690961107845844,0.0005103093650680179,0.004499863866982201,0.0028088895644044153,0.008842394827062366,0.01203082528547321
2024-12-04,242.150390625,435.7447204589844,243.2465056559754,437.98610309109085,240.3966217802532,430.973057365549,242.01088645785893,431.3715193088951,44383900,26009400,0.0014836497506194313,0.014424834962612598,0.00148255022972954,0.014321786816958948,0.004250727744120076,0.0031590837057868804,0.00885429111809959,0.012268567576647911
2024-12-05,242.18028259277344,440.9247741699219,243.67497660990782,442.95696954495514,241.27351311137042,434.4994957116604,243.1269343008096,436.24279326556575,40033900,21697800,0.00012344381397144666,0.011887817494337538,0.00012343619541077544,0.011817712442383943,0.004420515649485157,0.0027014002687465234,0.008734181652450825,0.01172792817184827
2024-12-06,241.98098754882812,441.87115478515625,243.7646642163996,444.3914637865622,241.22368140458013,440.0780304611881,242.05074723300527,440.605999369761,36870600,18821000,-0.0008229201890908033,0.0021463539149415567,-0.0008232589737842133,0.002144053788046385,0.003322002884244579,0.002187744240830014,0.00785734675997691,0.011502812479307914
2024-12-09,245.8771514892578,444.3117370605469,246.36542364679892,446.61288735234007,240.89483838917155,438.8128895478079,240.97455722335047,440.90485264962797,44649200,19144400,0.016101115959135104,0.005523289422631139,0.01597286778597251,0.005508091993792874,0.0041800923371601685,0.002803959121856181,0.00826530370013899,0.011323795123868045
2024-12-10,246.89353942871094,441.632080078125,247.33198539974384,447.89799856218906,244.4721274358929,439.9087252497819,246.01664748664516,442.68804835999237,36914800,18469500,0.004133722606175283,-0.0060310290251385235,0.00412520224734525,-0.006049289135879654,0.004991428473552872,0.0030404358678691513,0.007326004261347086,0.011071794332218554
2024-12-11,245.6180877685547,447.2704162597656,249.91283942191654,448.6252234428676,245.38889040813984,442.34933339299914,247.08288910248365,442.34933339299914,45205800,19200200,-0.005165998523523618,0.012767043962574443,-0.0051793884286235325,0.012686232346928783,0.0047324590521216955,0.003077860372174257,0.0075982210013941405,0.01110466777568599
2024-12-12,247.08287048339844,447.83819580078125,247.8601100871407,454.4129240722559,244.81092178998352,447.389907127457,246.0166482138882,447.389907127457,32777500,20834800,0.005963659794566922,0.0012694323621122994,0.005945947560434206,0.0012686273140820603,0.004831694733260772,0.002885463345855532,0.007600578569074817,0.011100820134617261
2024-12-13,247.25228881835938,445.5569763183594,248.4081739675946,449.7010474581427,245.36897496771653,443.8734464678006,246.94338782137353,446.722508676707,33155300,20177800,0.0006856741409451139,-0.0050938475186173005,0.0006854391738331245,-0.005106865386059312,0.004182135616820704,0.002431782612541644,0.0073560832749157215,0.011238860123632346
2024-12-16,250.15196228027344,449.8604431152344,250.49077111704125,450.4481798147897,246.7739547032778,443.57461233779367,247.11276354004562,445.5569810702514,51694800,23598800,0.011727589968011376,0.00965862285994179,0.011659354756361928,0.009612276550876153,0.005475588881720617,0.004324788777320965,0.0061229320280279855,0.00870141534039494
2024-12-17,252.58334350585938,452.7194519042969,252.93211150871377,453.5462901057899,248.89643481128522,447.84819595840975,249.1953766416157,449.2826833242326,51356400,22733500,0.009719616841789014,0.006355323818347358,0.009672685225850408,0.00633521390629177,0.005292574746541235,0.004550066001981756,0.005927291759870992,0.008691735765092266
2024-12-18,247.1725616455078,435.71484375,253.38051965426092,450.9163784238889,246.86366065893745,435.34623528561843,251.26802371656945,449.59148560028365,56774100,24444500,-0.021421768297346322,-0.037561028320673095,-0.0216545447004437,-0.03828462087789841,0.0041528744469968345,0.0023922974582616164,0.008430656852043602,0.012930924584725216
2024-12-19,248.90638732910156,435.356201171875,251.10857637552834,441.4826409757379,246.21594133746913,434.64892893973837,246.62449465453676,439.92861811038824,60882300,22963700,0.007014636544004471,-0.000823113059537528,0.006990148431198051,-0.0008234520030976356,0.0043449222961772,0.0026271477379769424,0.00845031491394479,0.012821843328868186
2024-12-20,253.5897674560547,434.9278564453125,254.0979578981185,442.04049490082355,244.82089371115717,426.988379811487,247.16257165125242,431.45120224609855,147495300,64263700,0.018815829425706143,-0.0009838948553150262,0.018641001326476392,-0.0009843791975789884,0.005381885827501964,0.0027942351954781232,0.008879621587305915,0.012748024356254828
2024-12-23,254.36700439453125,433.5830383300781,254.74564983170012,435.97384050264867,252.55343521958227,431.1722932989543,253.86877310974026,435.06732205874545,40858800,19152500,0.0030649380938103654,-0.003092048704871786,0.003060250746228732,-0.0030968389644936423,0.00524039393908895,0.0021417190851769964,0.00889363235109089,0.012696175867383341
2024-12-24,257.28668212890625,437.6473693847656,257.2966260773909,437.9163547514511,254.386956808638,432.52707119819956,254.58626151312842,432.9853009034494,23234700,7164500,0.01147820937438282,0.009373823916961843,0.011412834511142833,0.009330162268539333,0.005162712762115884,0.002394058522442233,0.008829148794241345,0.012790782617287558
2024-12-26,258.1037292480469,436.43206787109375,259.1799258751944,439.2512462781778,256.7186620602343,434.9577555797017,257.27667867815336,437.3983540840164,27237100,8194200,0.003175629272296643,-0.0027768966494196023,0.003170597611305226,-0.0027807593795126095,0.004853217706944646,0.001168509094006076,0.008782623011477147,0.011989754607744332
2024-12-27,254.6858673095703,428.881103515625,257.78488174803636,433.5531436249425,252.16481819720389,424.71711987555517,256.91793375888693,432.9355230391817,42355300,18117700,-0.013242202847801088,-0.017301580042690667,-0.013330662618665556,-0.017453001473693774,0.004214349487819113,0.0008834218276235539,0.009621289193892617,0.012374730028954171
2024-12-30,251.30787658691406,423.2029113769531,252.60328106925755,425.91249514442245,249.86300878941353,420.2841404099869,251.33776924994547,424.42821148968693,35557500,13158700,-0.01326336148267826,-0.013239548425254877,-0.013352105430457506,-0.013327972577620528,0.0030385387876710633,0.00016150070309901566,0.010270922160403251,0.012775456958538073
2024-12-31,249.5341796875,419.88568115234375,252.38406352835983,425.09566152109494,248.54767617168994,419.0489019483089,251.5470385357527,424.4680695178944,39480700,13246500,-0.007057864335583752,-0.007838391786616716,-0.007082888876130511,-0.007869273460475945,0.0022105213940514902,-0.0011120992831671118,0.010391333299018285,0.012202004916276673
2025-01-02,242.9874267578125,416.97686767578125,248.21885574509324,424.43820240788705,240.96460876578237,413.2611726539346,248.0494437119358,423.90026204092493,55740700,16896500,-0.026235896572911255,-0.0069276319892106475,-0.026586198279894724,-0.006951739434553517,0.0002466634246644617,-0.0014852017231481885,0.011907302120086477,0.012263713342989556
2025-01-03,242.49916076660156,421.7286071777344,243.31625226562878,422.40599553232005,241.03435939639962,417.93320162542307,242.49916076660156,419.4672816518615,40244100,16662900,-0.002009429038061228,0.011395690913117651,-0.0020114506492339146,0.011331249137680466,7.196338071628894e-05,-0.0016347286071121125,0.011913844871166082,0.012077660967347895
2025-01-06,244.1333465576172,426.21136474609375,246.45510633108967,432.6565862275622,242.33971076643533,423.85044657634234,243.4457849039297,426.3607841744266,45045600,20573600,0.006738933800222391,0.01062948420397336,0.006716328685261175,0.010573388399599537,0.0004016080052088089,-0.0016969448092513328,0.012006195597866715,0.012007717974056262
2025-01-07,241.35321044921875,420.7523498535156,244.68139184839126,429.00063686122985,240.4962520142114,419.18835553907815,242.12047569552988,427.356962317073,40856000,18139100,-0.011387776998101784,-0.012808233998711449,-0.011453114234771355,-0.01289096662624356,-0.00012988475784054821,-0.0024486958299658303,0.012295078970825393,0.012223296975807587
2025-01-08,241.8414764404297,422.9339904785156,242.84791342439922,425.33476415419165,239.20085656180404,419.9255676122581,241.06423680804883,421.8381972488523,37628900,15054600,0.0020230349963117344,0.00518509433342329,0.0020209914167041987,0.005171698019281301,-0.0008274785763039638,-0.002465515528691409,0.011715498635293252,0.012211998116858545
2025-01-10,236.01219177246094,417.345458984375,239.3104808095479,423.0833778600729,232.17580437363205,413.4304875422897,239.16100228470233,423.0036976315441,61710900,20201100,-0.024103742475309553,-0.013213720391254569,-0.024398991738385334,-0.013301798346634364,-0.002253688275590493,-0.002828140989229144,0.012769641136778597,0.012429753585369767
2025-01-13,233.5708465576172,415.5921936035156,233.8398957390806,416.8971739621178,228.90740850459227,410.71096634455273,232.7039288898965,413.6496498082875,49630700,17604800,-0.010344148734474867,-0.0042009930696885744,-0.010398021273390512,-0.0042098420327247865,-0.002514619917828842,-0.0036729447082118226,0.012885364387624205,0.011881910534295418
2025-01-14,232.45480346679688,414.0780334472656,235.28475371553364,418.13242259689986,231.6476711610837,409.1469793562449,233.91960476413306,416.2098216251219,39435300,16935900,-0.00477817804434344,-0.003643379686998016,-0.0047896300313734486,-0.003650032959952476,-0.0030513987974192247,-0.003918877721913549,0.012737122558399771,0.011825013388013185
2025-01-15,237.028564453125,424.6772766113281,238.11472029161553,426.51022596326726,233.60073052224158,416.6680604251186,233.80999436776753,417.52478252697114,39832000,19637800,0.019675915137548072,0.025597211897047778,0.019484846551921287,0.025275088671454782,-0.0021114284285148168,-0.002399780019037845,0.013685757177330365,0.013497584761290956
2025-01-16,227.4525604248047,422.953857421875,237.1680713225123,427.8450559110229,227.22337827123218,422.76461308505725,236.51041752509497,427.0581034768278,71759100,15300000,-0.04040021104804048,-0.004058185554934757,-0.04123896794996895,-0.004066442335870946,-0.004756344563831361,-0.0030837159633752,0.01582821812799609,0.013200167435335308
2025-01-17,229.16647338867188,427.3868713378906,231.4682996512766,432.816010728012,227.67177943063626,426.53017961505896,231.2989028272768,432.4274897834489,68488300,26197500,0.007535254651194867,0.010481081655188573,0.007507006436109798,0.01042653592001841,-0.0048646285033183915,-0.002879149862688868,0.01573142289861496,0.013384236026737384
2025-01-21,221.85243225097656,426.8588562011719,223.62613445935494,429.2496581837696,218.6039696546368,423.96996920550396,223.20762199269615,428.55235740588927,98070400,26085700,-0.03191584279123816,-0.001235450062061716,-0.03243625621930857,-0.0012362138596433425,-0.005403714079261634,-0.0010267295117761144,0.016502881352445764,0.010473375628708878
2025-01-22,223.03823852539062,444.4911193847656,223.3272060060417,445.55699830786784,219.01252087308487,434.3301720077898,219.01252087308487,435.8841949618168,64126500,27803800,0.005345022645830477,0.04130701033243622,0.005330788710232959,0.04047666481995549,-0.005486682065309889,0.0010382763293765418,0.016441348411535394,0.013995009977188323
2025-01-23,222.86883544921875,444.9991149902344,226.22690964639077,445.03897030447143,221.51364566438272,439.8090775364838,223.94501691407203,440.30716256200645,60234800,18389300,-0.0007595248119419695,0.0011428700896698452,-0.0007598133970470045,0.0011422175108100063,-0.006456722801486059,0.0011446061647959916,0.015487549184589253,0.013986909911697475
2025-01-24,221.991943359375,442.3592834472656,224.831867935065,444.9393603072831,220.6267944226493,439.70946738545626,223.9848686181573,443.4550766157881,54697900,15549500,-0.003934565764101894,-0.005932217512447546,-0.003942326531499063,-0.005949883013130375,-0.006806851665372449,0.0010019539623641548,0.015339520705173438,0.014046865646966543
2025-01-27,229.04690551757812,432.8956604003906,231.32879829775732,433.5332238334213,223.18770026542342,421.8780219291722,223.2275672861503,422.3860783898249,94863400,35647800,0.0317802621637584,-0.02139352196505484,0.03128572012785824,-0.021625680452574514,-0.0058132073845366785,-0.0005458381736915374,0.01712194267159669,0.014767873793565691
2025-01-28,237.4171905517578,445.4872741699219,239.3403714135585,446.66274757404807,229.99354669273774,429.72785612913765,230.03341371427896,432.93552501884864,75707600,23491700,0.03654397781653196,0.029086948475956387,0.03589208114607345,0.028671951315153876,-0.004177133207798267,0.0010267973610417868,0.019432941458854085,0.01612930078196549
2025-01-29,238.51329040527344,440.6358947753906,239.01152170916106,445.16848684550723,233.18220937175082,438.7132938317083,233.29182086679862,444.97921209968376,45486100,23581400,0.004616767012398215,-0.010890051581318061,0.004606142431833327,-0.010949782235480932,-0.003280292955273323,0.001351958322952429,0.019402139657694432,0.01579932282263635
2025-01-30,236.7495574951172,413.4006042480469,239.93823493591583,421.24045777086803,236.37091202718113,411.57762641112805,237.82573898228924,417.1661258658952,55658300,54586300,-0.007394694472410257,-0.06180906015663257,-0.007422170761890889,-0.0638017900909551,-0.002983796221844992,-0.0011717325527142997,0.019285081473850392,0.021330585502663552
2025-01-31,235.16519165039062,413.4703674316406,246.31561143302469,419.078810069406,232.61424963135997,413.32094799383236,246.31561143302469,417.37536767699305,100959800,34161900,-0.006692159687602506,0.0001687544306343547,-0.006714652595161574,0.00016874019320667344,-0.0029653844077965454,-0.0007698318700301687,0.01928113740147946,0.021273399512609696
2025-02-03,227.2034454345703,409.3462219238281,231.00994009075862,413.819015846871,224.90161912474946,407.09486781879804,229.1764524471141,410.02361028085903,73063300,25679100,-0.03385597230587034,-0.009974464514665216,-0.03444235889161895,-0.010024542766615241,-0.0033581924383827566,-0.000923472036633255,0.019859048106324512,0.021331413203938568
2025-02-04,231.9765167236328,410.7906494140625,232.3053512351318,412.3347312724244,225.84826207175638,408.1707172498281,226.44614576626617,411.1094311345796,45067300,20532100,0.021007917727361436,0.003528620548751915,0.0207902940274467,0.003522409573757379,-0.0022181052045487258,-0.0013139140148294092,0.020581792859895927,0.021166126575178173
2025-02-05,231.6476593017578,411.7071533203125,231.84694877861298,412.2450632912695,227.46251946854915,408.82820710975375,227.72159426797964,410.7707509847515,39620300,16316700,-0.001417632381586209,0.002231072950558355,-0.0014186381730452169,0.0022285878029801864,-0.0026248535474640454,-0.001731154044660377,0.020476044930009242,0.021001068826584743
2025-02-06,232.39501953125,414.2274475097656,232.9729696905443,416.59833715024297,229.61488023403817,412.41441067873023,230.47183871784506,412.41441067873023,29925300,16309800,0.0032262800830575866,0.0061215700750585356,0.0032210868084447952,0.006102909381406008,-0.001891143495303238,-0.0007814602442778984,0.0204058429797994,0.020899062824540734
2025-02-07,226.82479858398438,408.1806945800781,233.17226081850333,417.0466023053385,226.45609706307513,406.5370200109021,231.77721918612997,414.8849302333569,39707200,22886800,-0.023968762146886702,-0.014597663592886279,-0.024260687084183274,-0.014705257851019837,-0.0032052274203476115,-0.0017753080377929554,0.020978843322904093,0.0210729598371779
2025-02-10,227.0941162109375,410.6412353515625,230.02693972945139,413.8688167120759,226.64521806905947,409.34622639599064,229.0094413336025,412.1255190561223,33115600,20817900,0.001187337666050725,0.00602806748127982,0.0011866333381460592,0.006009971369142164,-0.001925946166521042,-0.0008097195520041289,0.020390280270392278,0.020959141283902853
2025-02-11,232.05198669433594,409.8642272949219,234.65561423976854,410.9101937368833,227.57296005864194,407.7324086942097,227.64278121837336,408.0711332799312,53718400,18140600,0.02183178748142156,-0.0018921822499764485,0.021596886729385645,-0.0018939746882464803,-0.00032620076638223416,-0.0006939261847802136,0.02093834428245893,0.020945760880064695
2025-02-12,236.29161071777344,407.4734191894531,236.38140252594314,409.17686151888216,230.11672290007743,402.82129152637,230.63545743654387,405.65041091349894,45243300,19121700,0.01827014749510436,-0.005833170953337241,0.018105253744061578,-0.005850250345417862,0.0008185434223895172,-0.000803937054053483,0.021304136605903898,0.02096787033561024
2025-02-13,240.9402313232422,408.9676818847656,241.74825103145727,409.425911619151,234.99479296308533,404.80366775695455,236.33151730066413,405.4412312140984,53614100,23891700,0.01967323592804604,0.0036671415236970706,0.019482219037646686,0.0036604339536241426,0.0008184120466757872,-0.0018846697899450148,0.02130401544624129,0.02009167869461101
2025-02-14,244.00274658203125,406.86572265625,244.9504238462646,407.3438952203064,240.40156080072015,404.3255012113121,240.66092045804314,406.22818963820515,40896200,22758500,0.012710684479589673,-0.00513967074079924,0.012630581788833695,-0.0051529242805195,0.0035118895336159195,-0.0019389938871774426,0.018986100360280707,0.020099355627802226
2025-02-18,243.87306213378906,408.0711364746094,244.58131995427482,409.0274512633779,241.2494791133952,404.94314775203674,243.55383619329416,406.4374029097933,48822500,21423100,-0.0005314876576546501,0.002962682160811525,-0.0005316289472849789,0.0029583020671033466,0.003109957764446181,-0.0023124055798231955,0.018982160919943272,0.0199261614477729
2025-02-19,244.27207946777344,413.18145751953125,245.40929524371262,413.8987012007662,242.56626341463,406.0887313388178,244.06260076305156,406.31786140389937,32204200,24114200,0.001636168138018812,0.012523113222539406,0.0016348310731748583,0.01244534761211824,0.004813512129070352,-0.0016283275062351165,0.01705521521000731,0.02019804592587571
2025-02-20,245.22975158691406,415.3674621582031,246.17742890005937,418.5416276159257,243.69350332551406,411.78404435480104,244.34192533458386,414.52900508229465,32316900,23508700,0.00392051404821725,0.005290664909783693,0.003912848860800899,0.00527671851104472,0.004742615136598749,-0.003388324821680655,0.01705589887603975,0.017717308807099784
2025-02-21,244.95042419433594,407.4619445800781,248.08275639920348,417.28390907488637,244.6212281548445,407.14255413255484,245.34944139409683,416.57521868274245,53197400,27524800,-0.0011390436550645644,-0.01903258752394521,-0.001139692858316721,-0.019216038647368983,0.004723621163535263,-0.004406237629589605,0.01706255928091973,0.018025457695317403
2025-02-24,246.49664306640625,403.2596740722656,248.25234005966587,408.6198287275297,243.82317911276243,398.58825743588903,244.3319283268952,407.7614192904554,51326400,26443700,0.006312374747486027,-0.010313283396669815,0.006292535156195989,-0.010366833809119846,0.005235364247920015,-0.004627085169389078,0.016942026345371664,0.018072362980698725
2025-02-25,246.43678283691406,397.17083740234375,249.38956194785018,401.18349019975926,244.3119941197594,395.9730546936776,247.3944454522674,400.3649855487621,48013300,29387400,-0.00024284399473972762,-0.015099046746813394,-0.00024287348611728987,-0.015214197938956175,0.003658934567221239,-0.004306511043708161,0.01582020745338316,0.0178099249831591
2025-02-26,239.77310180664062,398.99749755859375,244.3818160551289,402.860400830509,238.54610942000366,393.5275288045757,243.7334092806253,397.28064827533655,44433600,19619000,-0.0270401234489549,0.004599179960434796,-0.02741243449013009,0.004588636048818984,0.0004937087854110622,-0.005510676807024906,0.015357805259217906,0.01620464437769108
2025-02-27,236.72056579589844,391.8106994628906,241.86796980219768,404.9964840093174,236.48114634623442,391.45137377356565,238.82541422357912,400.53467393026557,41153600,21127400,-0.012730935987990133,-0.018012138270736222,-0.01281266878453824,-0.018176331468563234,-0.0003772317754075161,-0.005872004268679021,0.015604247548511653,0.016411554463393752
2025-02-28,241.24948120117188,396.26251220703125,241.49887076126774,396.9013540385077,229.63790389196947,385.86162375466716,236.37142201455794,391.94046026830176,56833400,32845700,0.019131905122169668,0.011362152055171881,0.018951191517952104,0.011298087622014563,0.0009414363385846336,-0.0021170103830305377,0.016084542038760183,0.009663811133046787
2025-03-03,237.4487762451172,387.778076171875,243.43412542285543,398.0891633417286,235.53346633482454,385.4523593369203,241.19958958341564,398.0891633417286,47184000,23007700,-0.015754251313333967,-0.021411149866034984,-0.015879668510604183,-0.021643693883045323,0.00048318554281250313,-0.0032076320868431375,0.01644075704827181,0.010579705660728146
2025-03-04,235.35391235351562,387.8978576660156,239.4838181516717,391.86058386063223,234.10696453181083,380.30181761040467,237.1295800554318,382.6974135187692,53798100,29342900,-0.0088223823459046,0.0003088918675422381,-0.00886152998138634,0.0003088441702718825,0.0017622269883241337,-0.0026909627399987813,0.014455890199765252,0.010481135071256939
2025-03-05,235.1643829345703,400.2851257324219,235.97240266650644,400.9339589862258,228.67026910680244,388.09750890861034,234.84515699420854,388.62653647287385,47227600,23433100,-0.0008052953828132647,0.03193435545362511,-0.00080561980732341,0.03143505597966367,0.0006824312965856283,-0.0012953304197034666,0.013749047421717979,0.012925399356414189
2025-03-06,234.75538635253906,396.1627197265625,237.27920752401755,401.4130601425524,232.59068676229822,391.9604125552081,233.86756011302523,393.557486671848,45170400,23304600,-0.0017391944176556873,-0.01029867397225015,-0.0017407085721279358,-0.010352072252410416,0.0006663277766314924,-0.0019243634224729966,0.013751826141946963,0.01305040016435417
2025-03-07,238.4862518310547,392.5892639160156,240.78062356819368,394.07652376953155,234.1867631010968,384.83351327034705,234.53591456798168,391.601087821307,46273600,22034100,0.01589256603004152,-0.00902017184507753,0.01576760146878531,-0.009061099899757785,0.001293653509648518,-0.0026825638865311864,0.014154769782725056,0.012999887620060985
2025-03-10,226.92454528808594,379.46337890625,235.583358769024,385.69193466137494,223.6725108894593,376.5287638766263,234.96486230654432,385.1329632711281,72071200,32840100,-0.04847955156408401,-0.03343414152194846,-0.04969410174021238,-0.03400584144671992,2.1982776847062624e-05,-0.0036475930663161906,0.017352652728523373,0.014561885008730341
2025-03-11,220.30075073242188,379.7528381347656,225.28854176632854,385.29265558349334,216.91902902029437,376.2193166501511,223.26349982428485,378.30548307291184,76137400,30380200,-0.02918941424893018,0.0007628120251021997,-0.029623901036823774,0.0007625212318798091,-0.001518543941901429,-0.003909965573179308,0.018568839408164763,0.014425352637837228
2025-03-12,216.45018005371094,382.5676574707031,221.20853706339403,384.5140963348653,214.38524243690583,378.2555969008229,219.60246770742089,382.2482670126177,62547500,24253600,-0.017478699758893934,0.007412240418697147,-0.01763325583900688,0.007384904760557198,-0.003480051070321055,-0.0034460216007391243,0.018063695405671758,0.014641200289107932
2025-03-13,209.16799926757812,378.0758972167969,216.31051974194543,384.6139126915579,207.9110813961123,376.75833925298997,215.42269353923288,382.4578672121625,61368300,20473000,-0.033643680889180905,-0.011741087272256534,-0.034222652418711696,-0.011810558148572348,-0.006096446378459719,-0.0037440369908968486,0.018555629601192128,0.014752946297279046
2025-03-14,212.9687042236328,387.84796142578125,213.4275724686152,389.51491455417886,209.06824803363213,378.81455773398244,210.73416839029963,379.0840519928303,60107600,19952800,0.018170585220316893,0.025846832027435207,0.018007473068918145,0.025518449081268102,-0.006170183676896146,-0.0026511362345146504,0.018451270777102336,0.016080254849458218
2025-03-17,213.4774627685547,387.98773193359375,214.69448503570536,391.99036302361236,209.4573042902151,384.8634626840814,212.78914514941675,385.9913968692823,48073400,22474300,0.002388888765495034,0.00036037448101744474,0.0023860399068968974,0.0003603095617306096,-0.006682410770992986,-0.002375474542402145,0.018039475894634668,0.016082365954890813
2025-03-18,212.17066955566406,382.81719970703125,214.624654360469,386.6601507855219,210.97360268345204,380.4016513456866,213.6370814211214,386.36071271152235,42432400,19486900,-0.006121457487563542,-0.013326535354080349,-0.006140270422798189,-0.013416130512037938,-0.006962842844768646,-0.003194196171359209,0.01798233062095187,0.01621280879045119
2025-03-19,214.7144317626953,387.1093444824219,218.22582565599035,388.9659214939022,213.22806456968678,383.29633715100766,213.6969181399133,384.8235322758774,54385400,19185500,0.011989226467345793,0.011211995643548356,0.011917925025351828,0.01114960712050106,-0.0064486881471597975,-0.0032589831959400684,0.01838362597268482,0.01614948854426908
2025-03-20,213.5772247314453,386.131103515625,216.9589465476154,391.07204471614995,211.70181037410745,382.5776297310475,213.46749271646212,385.0331131975468,48862900,18470500,-0.005296369796450651,-0.0025270404363522125,-0.005310445284283816,-0.0025302387924215353,-0.006909852854414034,-0.0036493310611133813,0.018225021932079904,0.01602619411799619
2025-03-21,217.73704528808594,390.54302978515625,218.30564558008663,391.0221306945889,210.76410758323678,382.09851071654674,211.0434226778215,382.5177544739553,94127800,39675900,0.019476892079065333,0.01142598000876327,0.01928964484029816,0.011361196508804738,-0.00588838596948329,-0.002120469303304695,0.019116165803079288,0.015921161435430427
2025-03-24,220.19102478027344,392.35968017578125,220.93919345594836,394.67543616141086,218.04628066528426,389.09568331150246,220.460369765545,394.67543616141086,44299500,21004500,0.01127038115604373,0.0046516011094202,0.011207343606298714,0.004640815845875501,-0.005642645546978154,-0.0013700868205549278,0.01931158565317548,0.015865611968400327
2025-03-25,223.2036590576172,394.4358825683594,223.55281053469957,395.63366532055824,219.54262209652958,391.9205113732519,220.23093972638688,393.19816458592396,34493600,15775000,0.013681912241200633,0.0052915793785131005,0.013589159941509443,0.005277628166675541,-0.004951043875596817,-0.00034549551527334187,0.019757674078642463,0.015583682718827783
2025-03-26,220.98907470703125,389.2554016113281,224.47055842890478,394.5856126855185,219.93166541277708,387.85797313035886,222.9642357514217,394.27618318122023,34466100,16108400,-0.009921810242430995,-0.013133898780452458,-0.009971359419122194,-0.013220911143172032,-0.004078990122046422,-0.0012359728748728926,0.01908764819650275,0.015794309183808346
2025-03-27,223.3034210205078,389.8642578125,224.4406368200556,391.5212195564284,220.02144584411215,386.6900923994873,220.84942102067788,389.4151007040484,37094800,13766800,0.010472672988674825,0.0015641560750383476,0.010418214436664464,0.0015629340570431083,-0.002917445960986287,-0.00024900959859257553,0.019234475708820926,0.015288661174796917
2025-03-28,217.36793518066406,378.1058349609375,223.26350805320467,388.4169222438939,217.1484711493609,376.2392666189567,221.12873402087155,387.36882809704144,39818600,21632000,-0.02658036232816441,-0.030160299683633873,-0.0269400074778412,-0.030624478547026435,-0.005212005910775952,-0.0023451379070446253,0.01922564366105237,0.016451809421750455
2025-03-31,221.58761596679688,374.7021179199219,225.06908447075043,376.3790320336197,215.7020132379398,366.5670283067677,216.48010744476517,371.8573344110368,65299300,35184700,0.019412618437147255,-0.00900202199039657,0.019226597145356905,-0.009042785007808973,-0.0034566926279778975,-0.001715092463282808,0.019794611054300408,0.015906079110045993
2025-04-01,222.64503479003906,381.4896545410156,223.13382860511078,382.1484487727996,218.3655012478301,372.54608191207893,219.27328293515097,373.96346276032,36412700,19689500,0.0047720122743710736,0.01811448693904727,0.004760662317563558,0.01795237441691544,-0.0027755830130304026,-0.0008329159509506301,0.01983317311232071,0.01650233145642191
2025-04-02,223.34332275390625,381.43975830078125,224.64015156252358,384.3743428432238,220.48033536050963,375.92985398533636,220.7796058888877,377.2773862564683,35905900,16092600,0.0031363284814578396,-0.00013079316736497315,0.003131420462714196,-0.00013080172153667746,-0.0025787309995285224,-0.0024112088360106476,0.01987325269259184,0.014660478037926968
2025-04-03,202.69384765625,372.42626953125,206.98335084549154,376.788287190408,200.75858236471802,368.67318036225987,205.0381002304481,374.10321411915555,103419000,30198000,-0.09245620080797823,-0.023630176386656987,-0.09701345043530374,-0.023913846703580433,-0.007342368092687313,-0.0030892975585691484,0.028989423175854796,0.015344762087406328
2025-04-04,187.92002868652344,359.18060302734375,199.39194860307396,373.9035742050073,186.88255957870848,358.8212773354498,193.4165691841804,363.4627502923482,125910900,49209900,-0.07288735766061138,-0.03556587595332028,-0.07568020802663611,-0.036213749594473654,-0.011914758567458383,-0.004446930043304942,0.032187935829190176,0.017011569324970804
2025-04-07,181.0169219970703,357.2042236328125,193.6759230716255,370.32015981776436,174.19361217758157,344.1581969485817,176.76731422169505,350.2370336524557,160466300,50425000,-0.0367342786061855,-0.005502466942461259,-0.037425974411224416,-0.005517661276869923,-0.011301352201008984,-0.0030225210348124422,0.03154046612293794,0.015534875414298202
2025-04-08,171.9989776611328,353.9102783203125,189.8752182218586,372.9652928837084,168.79682446290911,349.6081786868937,186.24410709579757,367.585185716996,120859500,35868900,-0.04981823929192353,-0.009221462386419077,-0.05110198562710533,-0.00926424327536779,-0.012375256430523063,-0.003523859260174822,0.03254675040872262,0.015568051765784843
2025-04-09,198.3644561767578,389.7744140625,200.1201531468693,392.50941370351666,171.47028013366514,352.45294739016697,171.53013119082922,352.8921435234206,184395900,50199700,0.1532885769098551,0.10133680183689964,0.14261749350102093,0.09652471635330784,-0.004362718963521672,0.00093313131946271,0.047482749843632426,0.02724000688726646
2025-04-10,189.9550323486328,380.65118408203125,194.30438674913324,383.19649903483815,182.553152263757,367.12599611378243,188.60833789927736,381.3598744812396,121880000,38024400,-0.042393803760042426,-0.023406436264966968,-0.043318654166203174,-0.0236847178585462,-0.0048175190508962466,0.00033942333396401735,0.04782612780782849,0.02765856545981328
2025-04-11,197.66615295410156,387.7381896972656,199.05275825525484,389.3352333779351,185.60567786476867,378.19571053548395,185.64558871717136,379.9425037151649,87435900,23839200,0.040594452856169694,0.018618109995704346,0.039792139143126626,0.018446914611028653,-0.0037282857471858223,-1.4153389547955086e-05,0.04861489065569795,0.02736336986343348
2025-04-14,202.02549743652344,387.0993347167969,212.42005238891582,393.92679674338564,200.66881763194172,383.5059256339463,210.9237150406947,392.4994245329486,101352900,19251200,0.02205407661995684,-0.0016476452344493797,0.02181440292568304,-0.0016490040946770534,-0.002756867596246515,-0.00011461907236833823,0.04893654063537654,0.027365611192301204
2025-04-15,201.6464080810547,385.0231628417969,203.01305790446213,391.17187833074144,199.3121256140358,383.4560325474498,201.36709301089155,387.79806728846995,51343900,17199900,-0.0018764431236599766,-0.00536340853315842,-0.0018782058485058428,-0.005377843244676939,-0.0025437643675318977,0.00028729529099971176,0.04893031110395024,0.02721860573175568
2025-04-16,193.79563903808594,370.92901611328125,200.2099310657198,380.9106912763521,191.9002692932641,367.32564600100716,197.8756484915953,379.97244183574617,59732400,21967800,-0.03893334435103357,-0.0366059709875346,-0.039711511700261326,-0.037292782633263855,-0.005125236203812555,-0.002134824196688534,0.04948596430181036,0.02833366664355518
2025-04-17,196.4990234375,367.1060485839844,198.34451232255947,373.6340726815441,193.9452767059697,366.2176953329466,196.71848747425943,373.0651098854367,52164700,21120200,0.013949665806890499,-0.010306466637081124,0.013853264693225675,-0.010359946037466372,-0.004167050704937081,-0.0025263095589407756,0.04966738811418214,0.02839344596790093
2025-04-21,192.6883544921875,358.4619140625,193.3267911609043,363.8121077971333,189.34652827875263,355.01825440362086,192.79808650813246,362.1551460624454,46742500,20807300,-0.019392813657033492,-0.02354669598833048,-0.01958332127567708,-0.023828349561318518,-0.006110699010735843,-0.004285786862446938,0.04946132399598858,0.028577288166949207
2025-04-22,199.25228881835938,366.1478271484375,201.097762433896,367.09606804173376,195.49148998245192,359.20055908423666,195.64111763020085,362.7141283475077,52976400,19485000,0.03406502870124406,0.021441365970604753,0.033497664535453,0.021214733697219046,-0.004996182964278129,-0.0034570909698797615,0.05011885547043062,0.02908555814165006
2025-04-23,204.1004180908203,373.7039489746094,207.49210995336898,379.6929540391626,202.30481024884085,372.33643389707953,205.49699351150966,375.3708716590499,52929200,20545500,0.02433161145205487,0.02063680640963783,0.024040313501331845,0.020426752498968526,-0.004473625286287008,-0.002699634753265112,0.0503766527090453,0.029519032235119976
2025-04-24,207.8612060546875,386.59027099609375,208.32008954356945,387.7381880213899,202.44447210591895,374.5024768665421,204.38970763388747,375.01155205300716,47311000,22232300,0.018426164919435495,0.0344827023017622,0.01825846011428478,0.03390149723404967,-0.0030621343096166598,-0.000343514334404027,0.05060944997865963,0.030499362853724232
2025-04-25,208.76898193359375,391.1319580078125,209.2378355121778,391.44138750936105,205.69650080604464,383.8952433175299,205.86608387594285,386.29083932956814,38222300,18973200,0.004367221263343435,0.011748063395430552,0.0043577126267235755,0.011679590658273398,-0.0033651594001137043,0.00016231849565748747,0.050542587544322476,0.030616313785417588
2025-04-28,209.62689208984375,390.4432067871094,210.98357193193158,392.0202980494585,206.95344326011445,385.9315006090283,209.48723454234343,391.241728610284,38743100,16579400,0.004109375580146679,-0.0017609177838886492,0.004100955156888908,-0.001762470022120155,-0.0018131112683771988,0.0016054189219028014,0.05025634408471303,0.02975694690074557
2025-04-29,210.6942901611328,393.31793212890625,211.72177396764008,394.3759872470841,207.86121308906752,389.66463540586307,208.18043904370694,390.5829324517716,36827600,14974000,0.005091894749990278,0.007362723417452921,0.005078974893059751,0.007335750882687009,-0.0025204923809920565,0.0024243457164276005,0.050043731430994366,0.029673735971640754
2025-04-30,211.9811248779297,394.53570556640625,213.0584895980106,395.93313400867555,206.16535854293033,383.73552563819743,208.78894157113288,389.58477271143016,52286500,36461100,0.006107591790042166,0.003096155394971545,0.006089016048298923,0.003091372176371898,-0.002454074694455288,0.0016812956044004236,0.05005478380349633,0.02944965758300953
2025-05-01,212.79913330078125,424.6204528808594,214.0360957896086,436.1892106723326,208.3899124386699,424.12136912560175,208.56948083895412,430.3199808366381,57365700,58938100,0.0038588738658813515,0.07625354787917771,0.0038514475109057145,0.07348607327393086,-0.0024180733420457123,0.005362139354173801,0.05005927128118618,0.03352927588699701
2025-05-02,204.8485870361328,434.48236083984375,206.48458191182934,438.63474141621873,201.66637387157866,429.20204608174254,205.58677037884885,430.948839257634,101010600,30757400,-0.037361741757710676,0.02322523065499027,-0.03807757820908897,0.0229596295545047,0.0005287202692650262,0.007705813167078057,0.045746627860226055,0.03300938196099619
2025-05-05,198.40435791015625,435.3707275390625,203.60164304236298,438.6946118778074,197.72602561272546,431.3181395047298,202.6040848015313,432.07675654489867,69018500,20136100,-0.03145849927117084,0.002044655386012728,-0.03196394653292778,0.002042567923132843,0.0027145333439504427,0.009618629042958382,0.042867447052400844,0.03139957568730966
2025-05-06,198.02528381347656,432.5159606933594,200.1600578713198,436.92787448428356,196.538931754607,430.3798980651205,197.72602851406054,431.408009380462,51216500,15104200,-0.0019106137620794605,-0.00655709413868899,-0.0019124413127533657,-0.006578686320195537,0.004490209998873995,0.0095655777907921,0.04184044272370122,0.03142737925100113
2025-05-07,195.7707977294922,432.555908203125,198.95301083885846,437.3171563878889,192.77812311451905,430.319992206568,198.6836658614824,433.04500054847074,68536700,23295300,-0.011384839554669735,9.236077600838222e-05,-0.011450142959483323,9.235651101491271e-05,0.0064728021322550955,0.010033407780111237,0.03996499751793607,0.03120115182353704
2025-05-08,197.00778198242188,437.3670654296875,199.56152863729463,442.85698666150637,194.20463054641704,434.86165526525525,197.2372161152265,437.12748451655574,50478900,23491300,0.006318533035958307,0.011122625157401034,0.0062986547963621575,0.011061223640056461,-0.0003431398029778432,0.0057602331444486675,0.023932285565817446,0.02367747668876525
2025-05-09,198.0452423095703,437.9260559082031,200.0503289543839,439.93235195021686,197.05765414160055,435.08127232610667,198.51409591462888,439.19371771814804,36453900,15324200,0.0052660880535218,0.001278080867763709,0.005252270699535266,0.0012772648176557766,0.002085406440309079,0.007008332278258767,0.02170227807890105,0.022680587550506157
2025-05-12,210.55104064941406,448.4367370605469,211.03050749278242,448.5465208630377,206.5156271207593,438.9740982732109,210.7308445260501,445.12281367736733,63775800,22821900,0.06314616899655467,0.024001040839065624,0.06123259601824049,0.02371754306119911,0.0031574292840647724,0.00727186370076729,0.02406394582725082,0.02285047455925439
2025-05-13,212.68861389160156,448.3169860839844,213.1580823159532,449.8441812103938,208.76307628033234,444.54388351816056,210.19144790738707,446.9594623818115,51909300,23618800,0.010152280585241868,-0.00026704095955087936,0.0101010923447582,-0.00026707662133684806,0.0025717637550185302,0.0073409600744342995,0.02372614369242516,0.02282415366143932
2025-05-14,212.08929443359375,452.1099853515625,213.69746987061376,453.0682176126866,210.34127831689767,447.3187935842875,212.18917192393894,447.3187935842875,49325800,19902800,-0.0028178257737542234,0.008460529904765979,-0.002821803318576066,0.008424940219136978,0.002524583881515019,0.008031099247624995,0.023736394233832385,0.022627160007825844
2025-05-15,211.21029663085938,453.1300048828125,212.71859464512332,456.19000244140625,209.30245815432872,450.42999267578125,210.71086343228015,450.7699890136719,45029500,21992300,-0.004144470399044975,0.0022561313934634786,-0.004153082519845697,0.0022535901505653655,0.004302505340535801,0.010008417886816456,0.02164594915006926,0.020037738858899114
2025-05-16,211.0205078125,454.2699890136719,212.32903558469047,454.3599853515625,209.53220664773164,448.7300109863281,212.11926693678467,452.04998779296875,54737900,23849800,-0.0008985774907133148,0.0025157992597604206,-0.0008989814534796636,0.0025126399345118955,0.0035648930332005334,0.01065204718541537,0.02155452352069169,0.019549855104657836
2025-05-19,208.54331970214844,458.8699951171875,209.24252311349682,459.5899963378906,204.02843943795537,450.79998779296875,207.67431083672193,450.8800048828125,46140500,21336500,-0.01173908704907789,0.010126150119454946,-0.011808534163633588,0.01007522416204587,0.003953632388802708,0.01234722587158359,0.021181958897822418,0.01779370410104673
2025-05-20,206.62550354003906,458.1700134277344,208.2336790492342,458.3399963378906,204.79757620413463,454.32000732421875,207.4345828831543,455.5899963378906,42496600,15441800,-0.00919624836148425,-0.0015254466339085226,-0.009238794900023883,-0.0015266113122125446,0.001816809417028864,0.01121015862111201,0.020176461437013272,0.017923366741417132
2025-05-21,201.86090087890625,452.57000732421875,206.80528635778637,457.7799987792969,200.4824756537251,451.80999755859375,204.93741112479617,454.57000732421875,59211800,19216900,-0.023059121838798324,-0.012222550449384473,-0.023329142423192728,-0.012297860098926527,-0.0005516633791973647,0.009573927991217257,0.020210658754730108,0.018521439581920138
2025-05-22,201.13172912597656,454.8599853515625,202.52015274475195,460.25,199.4736073247078,453.8999938964844,200.48247209416806,454.95001220703125,46742400,18025600,-0.0036122485818445016,0.005059942086933722,-0.0036187885057232805,0.005047183600010108,-0.0016455258101977677,0.008131212309515278,0.01972521713448024,0.017629017613465386
2025-05-23,195.04864501953125,450.17999267578125,197.4758830409797,453.69000244140625,193.24069928507132,448.9100036621094,193.45045269257122,449.9800109863281,78432900,16883500,-0.03024427887573744,-0.01028886432418119,-0.030711073092700936,-0.010342160575831372,-0.0033989650961689932,0.00703012474781004,0.020698176641732194,0.018077740920209133
2025-05-27,199.98304748535156,460.69000244140625,200.51244545494848,460.95001220703125,197.20618488735448,456.1199951171875,198.07520901450675,456.4800109863281,56288500,20974300,0.025298317070217013,0.023346239141272207,0.02498361129025728,0.02307788439017333,-0.002354832289500575,0.008272142468424715,0.02160335424945868,0.01829388497942804
2025-05-28,200.1927947998047,457.3599853515625,202.50017366149785,462.5199890136719,199.67338002302156,456.92999267578125,200.36260025266836,461.2200012207031,45339700,17086300,0.0010488254734115632,-0.007228325060662177,0.0010482758402536874,-0.0072545759788607,-0.002556367242140878,0.007542626125347329,0.021549088038704714,0.01862117724783915
2025-05-29,199.72332763671875,458.67999267578125,203.57895243464628,461.7200012207031,198.28495762525483,455.30999755859375,203.3492174371598,461.54998779296875,51396800,13974800,-0.00234507522388816,0.002886145195242884,-0.0023478292191843053,0.002881988274595848,-0.0029782095055150394,0.007532156930258526,0.0214533061231549,0.01862387021114524
2025-05-30,200.622314453125,460.3599853515625,201.73105672211125,461.67999267578125,196.55692105301176,455.5400085449219,199.14398126681596,459.7200012207031,70819900,34770500,0.004501160816033689,0.0036626683147453765,0.004491060887946929,0.0036559770786954715,-0.0029462288366629784,0.004040652120496757,0.0214644968294001,0.010289022928477097
2025-06-02,201.47134399414062,461.9700012207031,201.9008644592711,462.1099853515625,199.89313329888972,456.8900146484375,200.05295557621693,457.1400146484375,35423300,16626500,0.00423197959474253,0.003497297593992865,0.00422304995360534,0.003491196270054786,-0.0008311974285282631,0.003067230456274261,0.01984344986870508,0.009275999204192307
2025-06-03,203.03956604003906,462.9700012207031,203.5389992121068,464.1400146484375,200.7321872237246,460.8599853515625,201.1217444882778,461.4700012207031,46381600,15743800,0.007783846649397574,0.0021646427199983886,0.00775370880627424,0.002162303256405984,0.0011546853384318378,0.0030732172229379186,0.01850613766198876,0.009275341692074819
2025-06-04,202.590087890625,463.8699951171875,206.00620910456834,465.69000244140625,201.8709028727957,463.0199890136719,202.67998220748078,464.0,43604000,14162700,-0.002213746602105271,0.001943957263130125,-0.0022162005614125846,0.0019420702233636788,0.001139497375998877,0.003499255050115879,0.018508911771724854,0.009000284771854515
2025-06-05,200.40257263183594,467.67999267578125,204.5178973620389,469.6499938964844,199.92310578136215,464.0299987792969,203.26931435006063,464.9599914550781,55126100,20131700,-0.010797740805414291,0.00821350291827172,-0.010856459477206926,0.00817995567160068,0.0011691815501126968,0.0039036350081451676,0.018488122500874817,0.00902082074442574
2025-06-06,203.68882751464844,470.3800048828125,205.4668084267123,473.3399963378906,201.82095228760733,468.7799987792969,202.76987228695742,470.0899963378906,46607700,15285600,0.01639826694665114,0.005773204433192403,0.016265267372543413,0.005756603352122802,0.0016675121789217595,0.0036384039937484847,0.018765893532797794,0.00887611934527084
2025-06-09,201.2216339111328,472.75,205.76647909477697,473.42999267578125,199.79326227022588,468.6199951171875,204.15830357568726,469.70001220703125,72862600,16469900,-0.012112562253018933,0.005038469094318598,-0.012186517130606589,0.005025818484256206,0.0007955727874146667,0.003825831677078506,0.01899431287463457,0.00886320530124507
2025-06-10,202.44024658203125,470.9200134277344,204.11835001917973,472.79998779296875,200.34263633745982,466.9599914550781,200.3726011094186,471.19000244140625,54672600,15375900,0.00605607184084711,-0.003870939338478263,0.006037807540624662,-0.0038784508147378105,-0.001964166636466125,0.00244603198328166,0.012726719766862257,0.0076714460280104604
2025-06-11,198.55465698242188,472.6199951171875,204.26817387189894,475.4700012207031,198.18508130061548,469.6600036621094,203.26930749599725,470.0199890136719,60989900,16399200,-0.019193760456297837,0.003609915996305446,-0.019380352132311707,0.003603415888088435,-0.00343823886031962,0.0026395566087529243,0.012960900287483217,0.007648185690056953
2025-06-12,198.97418212890625,478.8699951171875,199.45363372918547,480.4200134277344,197.13627162659284,473.5199890136719,198.85432303920933,475.0199890136719,43904600,18950600,0.002112895022762018,0.013224154848654468,0.002110665999316197,0.013137479019771803,-0.003191615394425007,0.0028751835487846656,0.013020040582573052,0.00790411436156527
2025-06-13,196.227294921875,474.9599914550781,200.1428492549886,479.17999267578125,195.47814514596445,472.760009765625,199.50357538920457,476.4100036621094,51447300,16814500,-0.013805244367089187,-0.008165062964850311,-0.013901422958318754,-0.008198579660093408,-0.00367903241634866,0.0023525750582517268,0.013238563546306453,0.00828379811674062
2025-06-16,198.195068359375,479.1400146484375,198.46476655376847,480.69000244140625,196.33717625414866,475.0,197.07634287373045,475.2099914550781,43020700,15626100,0.010028031208825672,0.008800790105611966,0.00997808414014667,0.008762288881600355,-0.0031351791366673433,0.00266505750560615,0.013577854167545334,0.008407111082993078
2025-06-17,195.418212890625,478.0400085449219,198.16509536417735,478.739990234375,194.98870767431248,474.0799865722656,196.97644196425614,475.3999938964844,38856200,15414100,-0.014010719296581597,-0.0022957926073503554,-0.014109795936144032,-0.002298431979606441,-0.0032502422252928655,0.0020463746985235343,0.013664696519232382,0.008287533783854068
2025-06-18,196.35714721679688,480.239990234375,197.3460303816964,481.0,194.84886452825484,474.4599914550781,195.71787336797544,478.0,45394700,17526500,0.004804743182752258,0.004602086959519358,0.004793237244891557,0.00459152973511312,-0.002548640618047093,0.0023522817508898177,0.013701218906274001,0.008261582334693714
2025-06-20,200.7721405029297,477.3999938964844,201.47134391409438,483.4599914550781,196.6368343380514,476.8699951171875,198.01527480684123,482.2300109863281,96813500,37576200,0.02248450514132916,-0.00591370230643351,0.022235454923987596,-0.0059312574888821246,-0.0002704107506880771,0.0026706118813920377,0.013851391913389013,0.007775754475029658
2025-06-23,201.27157592773438,486.0,202.07067208145295,487.75,198.73446202428119,472.510009765625,201.40143343464243,478.2099914550781,55814300,24864000,0.00248757334336136,0.018014256835915177,0.002484484454290836,0.017853922780672882,3.4752897312628764e-05,0.0033109488404251763,0.013840967827786222,0.008477428246359612
2025-06-24,200.07293701171875,490.1099853515625,203.2093768046809,491.8500061035156,199.9730442780961,486.79998779296875,202.36033429336192,488.95001220703125,54064000,22305600,-0.005955331300461331,0.00845675998263884,-0.005973135005744368,0.008421201917972354,0.0012716498016604571,0.0042491169651153625,0.01192093699954269,0.007905937492103653
2025-06-25,201.33151245117188,492.2699890136719,203.43912119943792,494.55999755859375,200.39257558111612,489.3900146484375,201.2216365357081,492.0400085449219,39525700,17495100,0.0062905831155934955,0.004407181503474078,0.006270879983913957,0.004397498319014481,0.00033601323634329104,0.0033150976615574203,0.010625918930232358,0.006551917349114152
2025-06-26,200.7721405029297,497.45001220703125,202.41028074115465,498.0400085449219,199.23389299836737,492.80999755859375,201.20164572639828,492.9800109863281,50799100,21578900,-0.0027783626191049127,0.010522727992698044,-0.0027822294324604258,0.01046774943710016,0.0001444879727075854,0.004201213932355463,0.010646905628837204,0.006238096806983267
2025-06-27,200.85205078125,495.94000244140625,202.98962419564972,499.29998779296875,199.77327327657756,493.0299987792969,201.66113009938155,497.54998779296875,73188600,34539200,0.00039801477495893245,-0.003035500509740774,0.00039793558809009255,-0.00304011698599016,0.0002817762130713053,0.0039051086693261627,0.01063076721350727,0.006441257372715303
2025-06-30,204.93740844726562,497.4100036621094,207.15489297707504,500.760009765625,199.0341046248948,495.3299865722656,201.78098710410558,497.0400085449219,91912800,28369000,0.020340134193924886,0.0029640706808617967,0.02013603660512331,0.002959686484603097,0.0010640249989301242,0.003870294139621544,0.01149710795303152,0.006444555637035076
2025-07-01,207.58441162109375,492.04998779296875,209.95171998702364,498.04998779296875,205.90630823197938,490.9800109863281,206.4357061767528,496.4700012207031,78788900,19945400,0.012916154224275056,-0.01077585056528474,0.012833452072207763,-0.010834330536717118,0.0014945451048602454,0.0031540177992829487,0.01177937394039681,0.007236366075450446
2025-07-02,212.1991729736328,491.0899963378906,213.09814660534315,493.5,207.9040445567577,488.70001220703125,208.6731759252599,489.989990234375,67941800,16319600,0.022230770203315764,-0.001951003920118044,0.021987268839231078,-0.0019529096073389596,0.0022062231065080873,0.0029482571560957016,0.012580193794795991,0.007324024442085058
2025-07-03,213.30792236328125,498.8399963378906,214.40666625629999,500.1300048828125,211.56988934364432,493.44000244140625,211.90950026104147,493.80999755859375,34955800,13984800,0.005225041050401336,0.015781221482401575,0.005211437887559178,0.015657992782158736,0.0025776050289566753,0.0036340532840354544,0.012552372886416165,0.007848244817174426
2025-07-07,209.7119903564453,497.7200012207031,215.9848699115094,498.75,208.56330013289198,495.2300109863281,212.43889126622693,497.3800048828125,50229000,13981600,-0.016857939297312052,-0.0022451991127608872,-0.017001651776427096,-0.0022477233512754324,0.0022703454139956667,0.003112669332891649,0.012966889565327856,0.007876671855535818
2025-07-08,209.7719268798828,496.6199951171875,211.1903153368944,498.20001220703125,208.213697736729,494.1099853515625,209.86183643928914,497.239990234375,42848900,11846600,0.0002858039892503772,-0.002210090213006888,0.00028576315507056194,-0.002212536066751092,0.0014713702031220245,0.002714212361947954,0.012544610445491485,0.007937218448127035
2025-07-09,210.90065002441406,503.510009765625,211.09043707809712,506.7799987792969,206.98509558510867,499.739990234375,209.2924745188519,500.29998779296875,48749400,18659500,0.005380715910463962,0.013873816431438035,0.005366291577632687,0.013778456036404485,0.002349010638533988,0.003151844239555368,0.012146485835241968,0.008304193072714813
2025-07-10,212.16920471191406,501.4800109863281,213.23798377907798,504.44000244140625,209.7918979255535,497.75,210.27134950514616,503.04998779296875,44443600,16492100,0.006014939675876629,-0.004031694981082468,0.005996922139720695,-0.004039844174040574,0.0023469663684887896,0.00314377457159023,0.012145835753618685,0.00831145962381103
2025-07-11,210.92062377929688,503.32000732421875,211.88952536572023,505.0299987792969,209.6220944658076,497.79998779296875,210.33129628612954,498.4700012207031,39765800,16459500,-0.005884835805047839,0.0036691319645456577,-0.005902219685680166,0.003662417119946859,0.0030208729908203667,0.003146724633183151,0.01121510939368094,0.008311641823948042
2025-07-14,208.3834991455078,503.0199890136719,210.67091168904602,503.9700012207031,207.3047216270235,501.0299987792969,209.69201166358403,501.5199890136719,38840100,12058800,-0.012028812490351148,-0.0005960786501253423,-0.012101744099128453,-0.0005962563756325423,0.0023102524858981343,0.002460037863412934,0.011714948472097045,0.008004434184303591
2025-07-15,208.87295532226562,505.82000732421875,211.64980271899068,508.29998779296875,208.6831682659836,502.7900085449219,208.9828312368767,503.0199890136719,42296300,14927200,0.0023488240612374867,0.005566415593219576,0.002346069885875046,0.005550980354750656,0.0031226271281078245,0.0031475158641551372,0.011077583213920422,0.007622141029328138
2025-07-16,209.92176818847656,505.6199951171875,212.1592191902425,506.7200012207031,208.40348697906978,501.8900146484375,210.06160887608695,505.17999267578125,47490500,15154400,0.0050212956703405975,-0.0003954216996858717,0.005008731008271816,-0.00039549989946063846,0.0028741594715140815,0.0026896264251020873,0.010970941332832725,0.007541735363067285
2025-07-17,209.78192138671875,511.70001220703125,211.5599023237274,513.3699951171875,209.35240091776063,505.6199951171875,210.33130094399476,505.67999267578125,48068100,17503100,-0.0006661853268702389,0.01202487470542879,-0.0006664073269160298,0.011953150311644123,0.003546328901975482,0.0034022055396646157,0.010264692058191726,0.007716879795213765
2025-07-18,210.9405975341797,510.04998779296875,211.54990664350106,514.6400146484375,209.46227954032304,507.42999267578125,210.63095139102305,514.47998046875,48974600,21209700,0.005523241182089356,-0.003224593266952902,0.005508044018231573,-0.0032298034713633683,0.0035820692406424827,0.003011138879340791,0.01027050492349236,0.00785046036372501
2025-07-21,212.23912048339844,510.05999755859375,215.53538252867688,512.0900268554688,211.39009321998003,505.54998779296875,211.8595616297783,506.7099914550781,51377400,14066800,0.0061558702516160135,1.96250678650145e-05,0.006137000283459315,1.962487529549861e-05,0.0027771465086160684,0.0033086829975496725,0.009318354890320962,0.007602551108225067
2025-07-22,214.15695190429688,505.2699890136719,214.7063314773177,511.20001220703125,211.9894136266437,505.2699890136719,212.89838571641525,510.9700012207031,46404100,13868600,0.009036182474420285,-0.009391068830822413,0.008995600465316222,-0.009435442949827788,0.0031027023091673377,0.0019442147110246388,0.00942076878728312,0.0072974045689861095
2025-07-23,213.9072265625,505.8699951171875,214.90609293027538,506.7900085449219,212.1692088371252,500.70001220703125,214.75626907170553,506.75,46989300,16396600,-0.0011660856188711044,0.0011874960250199962,-0.0011667660256993173,0.0011867915092995673,0.0033430207581695904,0.0015824941905909994,0.009236567157036833,0.007136989072339661
2025-07-24,213.51766967773438,510.8800048828125,215.44548969662856,513.6699829101562,213.28793468034502,507.29998779296875,213.65751035981805,508.7699890136719,46022600,16107000,-0.0018211487803653226,0.009903749607573342,-0.0018228090878897873,0.009855028893836604,0.002938336304579403,0.0018553707193321057,0.009278745753193403,0.007351394416706995
2025-07-25,213.63754272460938,513.7100219726562,214.9960015887686,518.2899780273438,213.15807589620647,510.3599853515625,214.45660521718813,512.469970703125,40268800,19125700,0.0005614197975087887,0.005539494720473437,0.0005612622603745621,0.005524208146873377,0.0031055108892211526,0.0016081936548207666,0.009200040028861782,0.007126239018388604
2025-07-28,213.80735778808594,512.5,214.60645396318566,515.0,212.81847455673218,510.1199951171875,213.78737619229818,514.0800170898438,37858000,14308000,0.0007948746335069146,-0.0023554572052336686,0.0007945588879731957,-0.002358235658432406,0.0031253420542153077,0.0016422877211986543,0.00919432222898916,0.007104427418586073
2025-07-29,211.03050231933594,512.5700073242188,214.5664825639156,517.6199951171875,210.58101550100253,511.55999755859375,213.93719187335407,515.530029296875,51411700,16469200,-0.012987651582609505,0.0001365996570121819,-0.013072728565732383,0.00013659032812807226,0.0014649037956725231,0.001501132913374903,0.008956174942037034,0.00710492039110717
2025-07-30,208.81301879882812,513.239990234375,212.14922883427738,515.9500122070312,207.48452469073794,509.44000244140625,211.65977882345743,515.1699829101562,45512500,26380400,-0.010507881543836084,0.0013071051770152664,-0.010563479149445776,0.0013062516587210027,0.00029505723458984613,0.002108162023146809,0.008921044336682463,0.006487326165962646
2025-07-31,207.33470153808594,533.5,209.60211724381097,555.4500122070312,206.92516266487007,531.9000244140625,208.25365677749065,555.22998046875,80698400,51617300,-0.007079622090835236,0.03947472946598163,-0.0071048015262800135,0.038715517742395456,-0.0011595462836857084,0.00414158339063353,0.007448080100750546,0.010363226371471102
2025-08-01,202.1505889892578,524.1099853515625,213.33788973606855,535.7999877929688,201.27158167093614,520.8599853515625,210.63095505795985,535.0,104434500,28977600,-0.0250035932739211,-0.01760077722293818,-0.02532149340023082,-0.017757512736699788,-0.0026861928480752086,0.0024708081146906035,0.009033858245097932,0.011077824413921097
2025-08-04,203.11949157714844,535.6400146484375,207.64435521756303,538.25,201.4513712516652,528.1300048828125,204.27816503495924,528.27001953125,75109300,25349000,0.004792974350137147,0.021999255154699693,0.0047815246195108685,0.021760762969798897,-0.0015970340282783102,0.00367123243074432,0.008515343434089977,0.011815830437245493
2025-08-05,202.68995666503906,527.75,205.1072113881769,537.2999877929688,201.93082373064988,527.239990234375,203.1694082424696,537.1799926757812,44155100,19171600,-0.0021146907604691068,-0.014730069510613508,-0.0021169298762231392,-0.01483963424647694,-0.0017171686798429953,0.0030398775217580277,0.008504324355038872,0.012466216246321014
2025-08-06,213.0082550048828,524.9400024414062,215.1358452662651,531.7000122070312,205.35693489516686,524.030029296875,205.39689808550258,530.9000244140625,108483100,21355700,0.05090680618623611,-0.005324486136605855,0.049653416399258354,-0.00533871173137257,0.0004971875612382881,0.002084019133369175,0.014262282339093003,0.01233167676882568
2025-08-07,219.7805633544922,520.8400268554688,220.59964108330854,528.0900268554688,216.33447747046458,517.5499877929688,218.63187314031333,526.7999877929688,90224800,16079100,0.03179364268982976,-0.007810369883928137,0.03129868843109218,-0.00784103057469121,0.0017622758758068624,0.001893959813336643,0.015813581203990408,0.012459655409787116
2025-08-08,229.0900115966797,522.0399780273438,230.73813503605493,524.6599731445312,219.00145500716468,519.4099731445312,220.57966572513484,522.5999755859375,113854000,15531000,0.04235792328538146,0.0023038766415852674,0.04148538078488784,0.0023012267869733094,0.004131655899335262,0.0018259002966879655,0.018003243855215394,0.012453202988680826
2025-08-11,227.17999267578125,521.77001953125,229.55999755859375,527.5900268554688,224.75999450683594,519.719970703125,227.9199981689453,522.2999877929688,61806100,20194400,-0.008337416841468825,-0.0005171222654515306,-0.008372367502325062,-0.0005172560192834297,0.004318124729175432,0.0018298503145054213,0.017844873818146402,0.012452406775169561
2025-08-12,229.64999389648438,529.239990234375,230.8000030517578,530.97998046875,227.07000732421875,522.7000122070312,228.00999450683594,523.75,55626200,18667000,0.010872441677679756,0.014316596246437996,0.010813761630775076,0.014215081531986584,0.004741509316420434,0.0022630553733672177,0.01789600090347132,0.012736148443794625
2025-08-13,233.3300018310547,520.5800170898438,235.0,532.7000122070312,230.42999267578125,519.3699951171875,231.07000732421875,532.1099853515625,69878500,19619200,0.01602441991019199,-0.01636303624882196,0.015897384212123278,-0.01649838928198122,0.005285941976613006,0.0014579109042411886,0.018069346123418623,0.013404513779357682
2025-08-14,232.77999877929688,522.47998046875,235.1199951171875,525.9500122070312,230.85000610351562,520.1400146484375,234.05999755859375,522.5599975585938,51916300,20269100,-0.0023571895917441354,0.0036497047841510533,-0.0023599721366469595,0.0036430607725259634,0.00520126373612646,0.0010424064272852806,0.018102646287415168,0.013189131797529684
2025-08-15,231.58999633789062,520.1699829101562,234.27999877929688,526.0999755859375,229.33999633789062,519.0800170898438,234.0,522.77001953125,56010500,25191800,-0.005112133549474374,-0.0044212173574982305,-0.005125245208979834,-0.004431019842240147,0.00466959927476589,0.0009823456087414417,0.01824871960959172,0.013212325237704735
2025-08-18,231.16000366210938,514.1799926757812,233.1199951171875,522.8200073242188,230.11000061035156,514.1500244140625,231.77999877929688,521.5850219726562,26216635,14837894,-0.0018566979687407725,-0.011515447702043935,-0.001858423768938522,-0.011582263910918655,0.004269828072145998,0.00040225116943073405,0.018302379855679958,0.013508199489572098
